250514,57475,1
266614,73414,1
252653,62466,1
252285,47447,1
257529,51564,1
240785,56693,1
252722,68676,1
246535,62443,1
269834,6633,1
257437,63179,1
264774,77416,1
267373,44756,1
271812,62972,1
254999,56739,1
253021,61431,1
233609,56601,1
255482,57107,1
262198,57337,1
25884,63294,1
244649,57521,1
247708,67572,1
253274,56463,1
25999,48551,1
250238,62742,1
258242,67848,1
254286,62834,1
273445,64697,1
246236,61178,1
27126,61109,1
25677,59085,1
25539,63777,1
250491,60603,1
265924,60925,1
25217,77531,1
252492,56486,1
24941,50184,1
252814,75461,1
248191,61316,1
260105,68377,1
250215,6564,1
251618,63064,1
258955,54393,1
248375,54416,1
254562,6702,1
257161,55152,1
267212,47424,1
244649,72471,1
246328,53473,1
257253,67296,1
271168,56946,1
264958,59039,1
251158,61914,1
256103,76197,1
263026,67802,1
247915,62627,1
250997,58004,1
254838,70148,1
254217,73138,1
271306,69573,1
243338,51679,1
246236,56877,1
255183,48229,1
26.39,70401,1
243039,48827,1
255275,49333,1
248973,71919,1
247731,60925,1
265855,68423,1
256356,56371,1
267718,55336,1
248536,55152,1
258587,52208,1
252538,55727,1
254838,49333,1
255436,59844,1
231838,57314,1
277102,62535,1
251204,46504,1
252538,55681,1
255137,6357,1
272249,55727,1
246581,59936,1
251894,54991,1
252446,59591,1
248007,44158,1
26275,55888,1
258748,65456,1
246328,67503,1
248766,44664,1
264498,66997,1
25148,59292,1
245914,58004,1
256954,59867,1
26344,59522,1
268224,5667,1
261347,50161,1
25263,53082,1
246305,68354,1
258035,61937,1
260243,75576,1
184941,125877,2
181606,125486,2
179628,104625,2
177558,121231,2
174867,106626,2
167139,115849,2
17259,117482,2
174959,115596,2
187908,10497,2
183607,118287,2
172038,117689,2
16.96,106373,2
172866,122933,2
173694,115596,2
179858,115067,2
180272,126176,2
171026,131719,2
175212,118747,2
17512,109915,2
167898,122128,2
171233,116102,2
186137,113802,2
167714,113871,2
160676,108121,2
178041,117022,2
178984,9945,2
16638,129649,2
164632,10658,2
185125,118425,2
179306,121898,2
176132,134686,2
167392,110306,2
184642,117137,2
173625,120035,2
175557,112123,2
176868,114354,2
185171,9876,2
161251,106649,2
175419,118885,2
178961,118057,2
182365,117666,2
181008,113641,2
183653,120633,2
193635,116286,2
179237,115573,2
169853,123186,2
168749,115182,2
180272,119621,2
176293,113503,2
165575,113388,2
182388,114676,2
17811,114768,2
161895,9968,2
16845,129235,2
174637,108213,2
176339,108144,2
174384,122128,2
179421,118057,2
16615,120702,2
156398,112284,2
167415,118793,2
168197,121162,2
159181,114124,2
178363,118563,2
17696,119414,2
16845,106672,2
185378,116516,2
171877,119828,2
184527,112468,2
168956,111065,2
181422,119966,2
168059,111318,2
174913,10428,2
163045,108765,2
174453,98668,2
175396,114791,2
177328,11.21,2
17466,104234,2
184803,120955,2
172889,117873,2
183883,100025,2
176523,11509,2
174982,119552,2
175948,113848,2
177328,116562,2
193934,125601,2
179651,125256,2
170428,113595,2
176086,117206,2
189817,116999,2
171992,125969,2
169163,114929,2
173096,111893,2
189403,116999,2
17098,135744,2
163206,120679,2
184343,124474,2
183124,116631,2
167277,116654,2
182457,130201,2
84155,97633,3
71413,103981,3
7691,11969,3
86363,98139,3
78704,10957,3
72103,111249,3
76289,9899,3
75645,88824,3
75967,95241,3
81372,103015,3
78106,113227,3
89514,110628,3
88456,103866,3
86869,110007,3
76611,107592,3
81648,103061,3
91515,10796,3
85029,91791,3
81441,108443,3
90756,93723,3
78428,99703,3
88295,104648,3
81993,97863,3
92021,110076,3
81625,10474,3
82085,99634,3
88456,115619,3
9209,110467,3
8588,110329,3
78934,113756,3
7898,102049,3
91584,108535,3
89813,97127,3
86271,118379,3
7806,114975,3
79233,104004,3
88042,103015,3
88272,110283,3
9715,99151,3
83189,90365,3
95954,91469,3
74081,98001,3
90733,89307,3
79118,90848,3
81717,90687,3
9393,94735,3
75277,106994,3
73575,103268,3
101635,91239,3
94344,123485,3
88249,99335,3
76979,101405,3
9002,111433,3
73253,96644,3
80636,111088,3
68768,104303,3
7737,103613,3
70953,111433,3
96023,90526,3
60695,9669,3
70815,104993,3
82729,111157,3
75461,107178,3
91837,98484,3
81694,107868,3
89951,95678,3
77324,95954,3
78359,94965,3
79095,90066,3
79969,107063,3
89905,108006,3
104004,99749,3
89215,100577,3
84914,102233,3
95678,105683,3
89491,97863,3
92527,108558,3
77577,99749,3
93102,116539,3
89836,97104,3
86892,97219,3
72816,102831,3
92435,106212,3
101681,90802,3
80314,95678,3
9071,102187,3
83557,10152,3
78175,86938,3
90089,103958,3
80774,106695,3
73138,116608,3
87927,100876,3
84592,103337,3
86823,90986,3
91722,105729,3
74564,11325,3
88019,113342,3
82913,94229,3
77508,109478,3
77945,108995,3
240394,246765,4
246972,244442,4
238945,249916,4
23837,248536,4
264199,247225,4
261853,237795,4
249111,248168,4
237197,234483,4
233218,229584,4
264015,246006,4
254332,254953,4
25953,261692,4
240486,254286,4
238692,238531,4
243499,251388,4
241498,246788,4
24596,24458,4
246075,246029,4
249134,246052,4
248513,244856,4
246535,230642,4
240555,243729,4
234437,240555,4
25102,253205,4
248536,249525,4
237266,261094,4
248513,234322,4
252009,24711,4
241222,246926,4
246903,240325,4
239842,233839,4
255827,237864,4
246397,24251,4
238393,243154,4
256678,236599,4
249433,240003,4
247064,243476,4
242441,236231,4
246282,23423,4
233218,248766,4
246972,245523,4
260036,257782,4
260404,238761,4
259415,23883,4
239359,238347,4
258058,246328,4
249318,238623,4
253021,245201,4
245891,24297,4
232873,231148,4
240049,239129,4
249088,249295,4
241475,26689,4
264843,237105,4
254447,240049,4
248007,245017,4
259668,25079,4
243407,235886,4
243154,242188,4
259944,239796,4
24435,24297,4
246512,249433,4
244856,236553,4
252308,253205,4
257184,239359,4
245316,238071,4
248996,245868,4
254792,241912,4
24665,23239,4
261508,245753,4
251135,222385,4
246098,247087,4
243752,244787,4
260772,249088,4
240946,244672,4
234299,250652,4
246581,25861,4
26712,245224,4
256517,239451,4
248191,249778,4
242855,242694,4
255045,245247,4
248605,234437,4
254401,244189,4
252722,247708,4
247248,241107,4
245914,255781,4
251434,237036,4
250675,244925,4
24297,23975,4
23262,247524,4
256862,231999,4
254953,249893,4
247593,24366,4
249709,239796,4
244925,237795,4
243545,244028,4
24665,236208,4
247984,244787,4
256632,239773,4
4057,214519,5
57912,197499,5
39719,198787,5
53174,188092,5
57406,22066,5
49172,207688,5
43951,201363,5
61868,192324,5
48045,211989,5
6173,193359,5
67848,210448,5
49218,20019,5
60672,198695,5
63248,199684,5
47424,20.41,5
46665,204514,5
43491,202697,5
50897,198902,5
57498,206883,5
60304,201501,5
42962,209275,5
41973,204997,5
43192,201708,5
61661,216704,5
5115,197499,5
50069,208263,5
50621,201478,5
47286,192761,5
53013,194233,5
55704,194716,5
57337,20502,5
71321,197384,5
55244,204353,5
53473,203893,5
53588,197062,5
57061,19214,5
61638,19766,5
4931,200305,5
5184,205963,5
56256,212702,5
59775,214726,5
54393,196602,5
62673,187494,5
49839,195705,5
47723,198373,5
51334,207734,5
42594,210816,5
6012,197706,5
45676,199776,5
42042,209942,5
59016,201225,5
61592,210908,5
54117,193405,5
49724,200167,5
45906,193014,5
54531,207067,5
70355,196073,5
65134,214151,5
53864,208355,5
44756,202766,5
49632,201248,5
52898,197545,5
39604,215669,5
39627,208884,5
61523,189058,5
53105,185033,5
38293,208424,5
72701,200558,5
3896,20065,5
43376,197821,5
5.69,183952,5
54623,19306,5
7231,198856,5
46987,195751,5
66974,200121,5
61247,20088,5
64214,20571,5
5322,195705,5
48758,204468,5
58694,203709,5
57406,213898,5
61753,204284,5
36499,20364,5
56233,198304,5
53013,202444,5
62006,201892,5
56463,189334,5
55359,20801,5
54209,212518,5
69987,217693,5
63455,200834,5
41904,212265,5
55681,210333,5
4793,20364,5
55566,203778,5
50552,182365,5
47677,205503,5
57613,195889,5
2907,205641,5
65709,204031,5
280805,105315,6
273445,112123,6
268661,106672,6
266476,92412,6
257115,100508,6
26367,103268,6
282346,104165,6
266361,9784,6
273077,92964,6
267143,94712,6
25953,82131,6
273445,93769,6
268615,103245,6
277148,111755,6
264291,103912,6
257598,93907,6
272479,101842,6
269857,105453,6
266338,101612,6
268753,112882,6
266223,102762,6
26482,96644,6
295939,9738,6
262543,103314,6
252377,97081,6
260312,10.06,6
279471,111686,6
266154,116355,6
266936,89675,6
258081,94574,6
273169,9117,6
255321,10566,6
272916,119713,6
267051,119782,6
267626,96253,6
279264,107109,6
270386,10037,6
274986,104234,6
261577,95632,6
269213,119966,6
272433,91561,6
266959,102394,6
270708,108144,6
260197,109317,6
272663,114952,6
276136,97426,6
270478,102854,6
26873,103613,6
269282,113917,6
276297,100209,6
270869,93033,6
25746,114331,6
257598,105614,6
277447,109708,6
26988,9991,6
267189,102624,6
267718,10267,6
27402,109087,6
261485,106166,6
269811,102969,6
265694,92274,6
276757,95816,6
281817,108673,6
260726,10911,6
265855,101451,6
271375,109432,6
27.31,93401,6
273123,102532,6
269098,82798,6
270179,96023,6
281518,105453,6
270179,106166,6
278942,104786,6
27563,102739,6
270432,9.6,6
269443,10865,6
26321,105407,6
264084,126866,6
279287,109938,6
256701,109225,6
267051,103406,6
274296,97426,6
28,108903,6
273698,102279,6
269052,90319,6
272433,125624,6
261577,105292,6
270823,100876,6
268707,103475,6
263877,96989,6
263831,103038,6
270478,104809,6
267741,88272,6
266131,115734,6
267557,88387,6
257368,97403,6
260956,103751,6
258058,10635,6
264245,102923,6
258357,10451,6
199339,279149,7
211115,272065,7
213047,257023,7
204514,272134,7
216175,273767,7
232206,268247,7
210655,277194,7
214841,281242,7
215117,279517,7
230182,275423,7
215922,26873,7
22802,273836,7
20847,282852,7
202053,276596,7
196993,278827,7
221603,28483,7
217325,278804,7
226525,281564,7
210908,26436,7
202076,28023,7
20686,277884,7
217808,278735,7
216037,282461,7
215485,269213,7
217831,267511,7
217003,272571,7
22273,277723,7
225835,264222,7
217785,26712,7
200788,266177,7
224202,29104,7
205687,274618,7
205273,28253,7
208838,27448,7
209275,260404,7
207849,26459,7
199017,262589,7
217325,265901,7
208999,278873,7
210195,26505,7
215485,27747,7
221672,269926,7
218268,267649,7
230573,285336,7
206607,267902,7
212794,276389,7
211805,268638,7
207987,271421,7
217624,265832,7
20962,272042,7
212909,278873,7
217302,260588,7
216175,275538,7
203617,278666,7
219717,274342,7
207734,293754,7
206791,269512,7
216405,285359,7
20732,267557,7
226019,294513,7
223075,262497,7
206354,297871,7
20502,270478,7
204077,27678,7
212081,270915,7
218636,277746,7
211368,282576,7
218774,27241,7
215301,27517,7
195222,275147,7
206814,268477,7
203364,270018,7
20824,27954,7
208723,283082,7
211506,281633,7
21468,273652,7
212311,270984,7
209988,271329,7
223029,27.54,7
231056,27724,7
21054,285819,7
210241,270294,7
21974,272042,7
21215,27241,7
221189,274618,7
214588,274227,7
220637,278965,7
218222,271835,7
21215,274181,7
211667,265165,7
211575,267005,7
214772,274848,7
218107,27333,7
207044,274411,7
211506,275722,7
202007,270363,7
228066,278321,7
207849,275446,7
214519,26.85,7
205296,276228,7
135238,181077,8
137262,183699,8
139792,188575,8
135468,188805,8
14016,188667,8
141379,189909,8
138596,180525,8
126291,20134,8
138596,182733,8
142391,195521,8
156007,189518,8
140482,17926,8
13.05,182342,8
131995,169186,8
13717,187103,8
147221,191864,8
149153,181008,8
129948,207136,8
13027,183561,8
139447,17.88,8
133628,192853,8
144622,195912,8
15051,19007,8
149521,20.41,8
133375,194164,8
138849,188621,8
139562,195935,8
129925,202927,8
151637,193704,8
147842,182319,8
143587,18225,8
143426,197062,8
13349,182342,8
140781,179214,8
141632,187816,8
15603,169301,8
143081,179881,8
131052,194624,8
150648,186689,8
128499,190645,8
140344,190507,8
160745,181054,8
137262,198465,8
126498,185792,8
134686,18892,8
144484,177811,8
124152,192209,8
142713,180893,8
13786,185217,8
126268,197108,8
14062,187701,8
132386,195958,8
13464,193543,8
141425,194003,8
140689,194233,8
123209,180111,8
128338,182204,8
148716,179076,8
141448,179214,8
155179,185286,8
158629,180272,8
130454,190346,8
145887,179467,8
14223,180019,8
153546,191772,8
146002,18.57,8
14637,196464,8
128384,18984,8
13901,181997,8
152212,190461,8
139792,174729,8
153408,193888,8
133513,185585,8
129097,192071,8
131972,194509,8
133927,172521,8
126245,193405,8
138297,189058,8
134272,179743,8
137515,190875,8
139378,186275,8
125164,178248,8
128545,191473,8
13924,193888,8
146485,187724,8
13464,184964,8
135192,175327,8
131466,191312,8
133398,194417,8
136963,187977,8
15373,194371,8
145105,168519,8
138895,204261,8
152695,188069,8
136273,184987,8
138458,193543,8
13188,186183,8
134939,183193,8
128729,187103,8
142897,168427,8
182158,264751,9
179191,254401,9
190139,264222,9
17627,266982,9
183354,261554,9
179076,24964,9
174798,263969,9
177305,253803,9
187793,250997,9
180479,261669,9
176546,256287,9
180939,260542,9
190277,259691,9
160193,257368,9
166817,261117,9
181169,245063,9
202007,257138,9
176868,255206,9
162171,254562,9
180709,249502,9
185332,270064,9
181123,265257,9
182273,264452,9
188759,253987,9
185654,256862,9
175948,274825,9
180387,255459,9
173694,251043,9
181054,259783,9
180732,25447,9
179697,268017,9
170773,263302,9
164287,252883,9
185194,247731,9
178018,267097,9
173303,261738,9
178685,267718,9
180042,258012,9
183952,246719,9
180364,257552,9
167116,262106,9
18225,245891,9
174844,255735,9
180801,260887,9
180824,276665,9
185378,255252,9
183607,263762,9
176201,245845,9
180502,250261,9
178179,254447,9
175235,255919,9
188184,250537,9
182894,267166,9
173464,252607,9
183791,25447,9
177512,267902,9
165023,252423,9
196924,245293,9
169853,253918,9
172567,25.24,9
180433,258334,9
180847,258288,9
173441,259898,9
182411,250583,9
186574,264521,9
184366,269558,9
186275,253826,9
183837,246167,9
177742,264429,9
180318,251572,9
181675,257506,9
182365,26413,9
176822,246949,9
165897,261462,9
170336,253665,9
172061,245753,9
186091,254884,9
18041,257575,9
178708,252676,9
183515,266476,9
188621,252055,9
16661,25447,9
188184,268086,9
190139,254539,9
178432,259622,9
184067,264038,9
170842,25424,9
183055,250169,9
174062,259024,9
17144,261393,9
186896,255206,9
17512,260036,9
182963,253826,9
180134,266706,9
177558,260266,9
178294,25746,9
174752,246972,9
181445,260887,9
191335,26298,9
181491,257253,9
119759,205894,10
12061,214979,10
127027,19559,10
126613,210356,10
115343,195636,10
122059,215899,10
124152,219395,10
13188,223167,10
107753,217808,10
119805,211069,10
112169,222454,10
110628,21422,10
125187,211506,10
111134,214335,10
113066,20847,10
124267,211414,10
124382,220959,10
137975,213392,10
111134,220821,10
11831,217072,10
127326,221971,10
115481,219809,10
10681,223397,10
133099,210333,10
126475,216497,10
122404,212472,10
116309,224708,10
112537,206446,10
124428,218636,10
111341,210655,10
111088,215784,10
134801,21077,10
13073,215301,10
115987,208263,10
120679,208286,10
132639,216405,10
115021,21606,10
126935,20732,10
11164,21974,10
120081,217302,10
119759,208769,10
135422,205457,10
111594,21445,10
116631,224685,10
110214,216589,10
121323,209252,10
12291,211368,10
110927,219234,10
108213,206561,10
12774,217049,10
121714,207826,10
130983,208539,10
128223,210218,10
111111,208286,10
124221,208056,10
121806,222063,10
115343,214036,10
12222,215393,10
116539,221971,10
12.36,205779,10
133375,218245,10
123071,209252,10
13487,22089,10
119966,214105,10
116999,210356,10
128844,220706,10
126866,220131,10
113664,209275,10
117666,214519,10
129925,213714,10
128177,221994,10
126337,218176,10
116838,209045,10
112031,206722,10
128315,220223,10
120426,21215,10
100784,219855,10
113572,235587,10
113066,21399,10
129235,21675,10
126222,216175,10
134571,211851,10
132685,221925,10
127717,210057,10
134111,218889,10
132087,222408,10
127142,211782,10
116033,194785,10
106971,215508,10
116769,214151,10
114653,209689,10
128292,22986,10
12452,204767,10
114906,217026,10
111939,212656,10
117413,221488,10
120472,206377,10
118862,208746,10
126291,220752,10
119943,219625,10
231976,95678,11
222224,82131,11
239842,86984,11
23354,77577,11
240279,9853,11
229768,82591,11
244626,90089,11
237933,82821,11
230343,86892,11
232758,8703,11
22641,84362,11
232045,79647,11
236898,72655,11
229722,101681,11
241268,78175,11
238209,81464,11
226893,92136,11
235702,80889,11
224248,76542,11
227721,8151,11
239244,9163,11
225743,85374,11
223259,78635,11
224639,66353,11
231953,86018,11
239129,85489,11
230297,85075,11
235127,81073,11
237496,88893,11
230182,87858,11
233908,92251,11
225007,82476,11
226203,89169,11
218958,89905,11
224133,84132,11
221465,84339,11
242119,86156,11
241498,87904,11
237818,85259,11
248122,92941,11
229147,78152,11
24435,85811,11
248076,82223,11
219602,83764,11
23745,90848,11
232091,88939,11
242234,75461,11
218866,89652,11
225835,85029,11
217785,71482,11
238439,78911,11
234529,91998,11
235656,87375,11
220131,83603,11
223213,90112,11
239037,79808,11
235426,88778,11
243798,81648,11
246696,82039,11
233057,80613,11
24389,88042,11
233218,89468,11
233632,100255,11
241935,86018,11
235472,89767,11
215761,78773,11
230389,71942,11
228572,91607,11
225398,81211,11
222523,7599,11
232114,7967,11
232482,9738,11
23722,79049,11
21997,100048,11
219188,97058,11
231332,81395,11
240831,84914,11
232114,84109,11
228572,79302,11
226042,88387,11
225421,96506,11
213829,88571,11
248421,93861,11
241406,85305,11
225904,84201,11
247478,7783,11
223282,7.99,11
248375,67871,11
241866,91814,11
237772,96345,11
233586,99243,11
223236,81556,11
232206,68515,11
235725,92803,11
228089,79923,11
216083,72655,11
232781,90227,11
240509,9324,11
232597,83741,11
234851,83074,11
276389,144967,12
259116,141609,12
265073,149268,12
24826,152971,12
25562,151476,12
264084,146163,12
246052,149958,12
252906,149567,12
267074,138573,12
256931,154443,12
248329,160377,12
257943,13947,12
251871,145128,12
262014,134732,12
244649,145496,12
264061,145312,12
266292,163804,12
254194,144622,12
254746,13809,12
26965,150717,12
258886,152695,12
257322,156881,12
260887,158997,12
248697,146393,12
268638,139171,12
249824,149774,12
248858,143196,12
257092,150119,12
263693,145795,12
265533,150418,12
260381,143242,12
277194,137998,12
261807,148026,12
269029,146439,12
263946,167967,12
265648,15603,12
261853,161872,12
264245,149176,12
273376,146301,12
261255,138918,12
260749,145151,12
276228,152741,12
270018,148417,12
261807,152396,12
256103,139378,12
267074,151568,12
270317,144323,12
258886,141954,12
275561,132133,12
271007,145243,12
269259,155639,12
252998,135905,12
260473,132018,12
259323,148486,12
242947,134318,12
257989,146715,12
248214,132777,12
26.39,138021,12
261462,150786,12
27149,143058,12
269213,145473,12
251204,142299,12
263095,145404,12
26068,144392,12
253918,139976,12
265441,144852,12
258311,155202,12
269604,148486,12
253872,156628,12
263095,158422,12
271812,163298,12
252814,142299,12
254102,14637,12
260634,147336,12
251089,169025,12
266614,157088,12
266384,134042,12
264383,150418,12
267534,149383,12
257805,15212,12
261853,144668,12
263118,145427,12
261071,134548,12
249571,150303,12
255597,139125,12
267925,142345,12
266453,153546,12
245362,169117,12
266522,142115,12
258794,150211,12
257897,151453,12
267534,156398,12
262957,155087,12
269535,155133,12
249249,137607,12
258242,146485,12
264084,152212,12
25608,157548,12
253596,142069,12
253412,139631,12
162631,100255,13
157525,9738,13
164425,109915,13
161205,89905,13
163252,85903,13
162079,93884,13
144116,9485,13
162838,8841,13
169738,9439,13
166932,105361,13
146439,111433,13
171141,97311,13
154558,8.45,13
142368,89537,13
152649,82131,13
166564,99243,13
164287,89169,13
160607,91584,13
145634,72057,13
14016,101267,13
162723,91032,13
15442,80222,13
166794,82844,13
150372,9554,13
157594,84017,13
156122,118816,13
150556,94896,13
155892,102141,13
159595,93562,13
157594,96828,13
138918,92987,13
169669,8519,13
145289,87306,13
146761,7898,13
155409,9347,13
146945,86938,13
163528,98783,13
160032,86087,13
139079,90181,13
139125,106741,13
168496,95954,13
148532,89238,13
163551,99703,13
155938,85144,13
164172,9.14,13
163896,8588,13
149268,103843,13
171348,102601,13
168312,85719,13
151729,94965,13
156421,88663,13
156099,88709,13
14.66,96989,13
164954,93907,13
157824,85811,13
138136,95655,13
153638,89238,13
159664,9991,13
153293,86685,13
149314,79095,13
14384,99542,13
145887,102279,13
155984,98553,13
161297,89146,13
156881,79187,13
159595,100186,13
15971,9623,13
154811,95816,13
156789,8818,13
15764,89169,13
15189,91975,13
150004,91791,13
164126,97656,13
157479,93424,13
151844,97311,13
152143,100071,13
162148,83258,13
156306,92182,13
165621,95034,13
149314,99887,13
160952,96184,13
160722,90227,13
159871,98139,13
161826,88962,13
144208,9462,13
159756,101865,13
151246,97978,13
164931,93056,13
171187,104602,13
154696,8841,13
155915,93033,13
16224,89514,13
160216,96667,13
155041,101865,13
149452,87697,13
144185,93102,13
147658,87237,13
163459,85696,13
146324,85857,13
155386,98139,13
166863,138642,14
178731,15143,14
157617,143472,14
166334,134295,14
16.27,148532,14
169692,147612,14
159503,137331,14
169048,138964,14
164793,149981,14
176224,129212,14
162516,132731,14
167277,138688,14
17213,140137,14
154466,149981,14
160745,140022,14
157571,15258,14
158629,147635,14
167944,14453,14
165943,15511,14
171969,149521,14
173349,151798,14
155156,148808,14
163114,149521,14
159641,150694,14
158008,142437,14
166196,137768,14
16431,155317,14
162171,149958,14
154397,147842,14
160768,170313,14
166679,145841,14
173924,146232,14
157985,137998,14
161734,152212,14
159733,157617,14
164149,148532,14
164103,143909,14
16983,157272,14
164425,12935,14
15603,161619,14
157732,153293,14
154765,140505,14
166196,150165,14
153086,14.89,14
160952,143633,14
164885,14683,14
161527,141218,14
162171,150303,14
164701,140137,14
177995,141218,14
156421,141678,14
172176,14821,14
16224,145174,14
165276,151844,14
16086,148785,14
17466,151936,14
149406,145013,14
158721,128867,14
16799,156168,14
161067,144208,14
162953,152189,14
152971,146715,14
170727,143242,14
152948,147658,14
166058,149912,14
145588,144001,14
162378,138435,14
166886,147198,14
161182,152534,14
155823,138297,14
152051,14039,14
160515,143081,14
166265,150855,14
162309,147497,14
161711,144208,14
173441,152258,14
155938,150487,14
179007,143127,14
154949,153385,14
163206,161596,14
172797,149268,14
164931,142437,14
16661,163896,14
160101,147612,14
162746,161412,14
173027,136388,14
167875,154029,14
153431,154167,14
163597,171233,14
16224,154374,14
165713,152764,14
150924,159894,14
167806,146163,14
152925,164195,14
167875,160653,14
174568,142759,14
156536,134456,14
170083,141011,14
163804,150372,14
159388,151913,14
205227,194578,15
197683,199868,15
214864,197039,15
196832,183515,15
216014,204905,15
20203,199592,15
206975,198258,15
196763,198626,15
211506,201294,15
196694,199776,15
213921,190691,15
197821,202237,15
204813,190162,15
201202,190737,15
207849,204767,15
213369,197177,15
193313,196372,15
197476,191013,15
209597,184619,15
206377,193934,15
208608,184711,15
203456,190553,15
186298,198051,15
205572,193589,15
208654,204491,15
202536,191036,15
212541,220591,15
209758,190944,15
209919,205618,15
207251,195429,15
193727,195659,15
197775,188828,15
196211,191266,15
19536,200581,15
205089,192945,15
213346,203134,15
192715,184504,15
198971,193244,15
211161,195544,15
202789,186068,15
202973,19053,15
207343,19.95,15
212449,200374,15
215646,204031,15
203502,196694,15
203847,191197,15
189288,192853,15
207021,197545,15
204836,193175,15
194256,19306,15
198258,200972,15
195682,19881,15
197798,201915,15
201777,191933,15
202628,196855,15
188276,194279,15
211805,192531,15
196832,190139,15
201777,200213,15
211322,208033,15
20042,201915,15
197867,205963,15
209873,195958,15
199523,188046,15
189219,182756,15
197936,193244,15
208608,191979,15
202375,200328,15
206423,20226,15
207826,204997,15
202375,193405,15
20364,182457,15
193865,204192,15
21123,191059,15
193957,212173,15
201478,183768,15
212679,191979,15
197016,179766,15
206262,189932,15
206837,203916,15
211322,198557,15
199178,194279,15
203502,200949,15
192899,200949,15
197246,198971,15
205135,193405,15
20939,203341,15
197798,203134,15
195567,190599,15
206998,207688,15
213852,195659,15
210402,191887,15
212633,196096,15
200811,192301,15
20.18,213277,15
203525,211966,15
206837,198695,15
20939,20893,15
199385,181284,15
198833,188529,15
84086,157893,16
95218,148164,16
88341,150855,16
95586,167967,16
80567,147428,16
93378,155018,16
77416,153707,16
87375,151407,16
78704,16086,16
75139,138044,16
95471,150165,16
81671,153362,16
74679,150625,16
73966,158928,16
88134,142644,16
87766,147336,16
86639,158514,16
75116,151522,16
94781,145979,16
85236,143472,16
8795,151867,16
76956,162148,16
78888,151039,16
78267,15.81,16
91515,155616,16
93884,152672,16
88686,14982,16
92274,148233,16
93125,153592,16
94045,162194,16
7944,130891,16
89261,146508,16
85949,152028,16
78267,15.35,16
77094,14637,16
87674,152534,16
91745,147888,16
9209,148049,16
73966,161987,16
96506,155685,16
83787,146278,16
98829,145289,16
83672,148762,16
79624,16.04,16
91584,153247,16
79302,146876,16
85535,165575,16
86639,151913,16
96874,154236,16
86133,140459,16
78428,144507,16
81809,157571,16
87904,144208,16
92757,149061,16
87237,15189,16
96115,156651,16
88916,146968,16
84983,16224,16
92136,137607,16
87168,142437,16
89008,16017,16
72448,150096,16
89514,146347,16
82614,152465,16
87191,157939,16
95333,154627,16
95563,156927,16
88157,161021,16
85627,153339,16
82959,156973,16
8818,154029,16
105108,149912,16
8519,149751,16
8933,139286,16
89445,14683,16
9301,162976,16
95724,158836,16
75645,159089,16
97564,149153,16
81257,153546,16
86455,165483,16
88732,152258,16
7783,14775,16
86409,159135,16
101221,151177,16
72126,15488,16
78152,15649,16
98185,146715,16
90388,156697,16
93125,151016,16
77462,152833,16
73713,154029,16
95563,149061,16
84316,152994,16
83603,167024,16
88088,161159,16
92941,15143,16
7645,149452,16
8059,14476,16
87766,153868,16
109892,130615,17
120771,137607,17
121921,146209,17
120081,161136,17
11.21,142874,17
131903,134502,17
104579,135376,17
114055,155892,17
123117,137078,17
122542,150901,17
11785,147888,17
113181,146347,17
125486,139585,17
113043,144553,17
116562,149843,17
113664,137814,17
116447,155271,17
109478,159388,17
129649,151913,17
110904,146163,17
11762,134732,17
119575,145289,17
109225,150993,17
128177,147014,17
112284,146531,17
10589,141379,17
10842,140896,17
117459,15166,17
114446,130132,17
104924,145266,17
117459,14154,17
111778,143702,17
123807,135951,17
130132,141954,17
108374,142989,17
124175,133053,17
131765,146922,17
109455,148854,17
119989,136756,17
121553,144047,17
131397,145427,17
113641,151913,17
115182,152626,17
115274,151131,17
116884,150119,17
126107,14959,17
111686,155133,17
12774,144231,17
116056,14.66,17
118287,155363,17
115688,15649,17
120909,151476,17
106741,142184,17
119966,137446,17
113526,146301,17
111111,141724,17
12912,13878,17
104395,145565,17
125693,14338,17
112767,132064,17
129074,157755,17
107776,138711,17
111778,141839,17
118264,143656,17
12498,145036,17
114009,136963,17
114515,143495,17
111157,132869,17
106695,142506,17
115527,138734,17
124819,136871,17
116171,15718,17
117436,138964,17
114745,131673,17
115297,140528,17
120725,133904,17
107086,154696,17
116907,144438,17
129718,153362,17
120955,128568,17
10129,144852,17
107408,145588,17
121714,154052,17
11762,139447,17
110973,131328,17
12222,146623,17
117344,141402,17
124037,144093,17
121415,154742,17
113595,143817,17
126751,14798,17
119644,142322,17
134203,135146,17
119414,146255,17
114055,146439,17
102233,134893,17
118356,154719,17
112836,138159,17
105476,140666,17
11946,150188,17
269995,173234,18
271398,164471,18
278781,167806,18
283933,16822,18
28621,164632,18
281495,18156,18
268132,177052,18
266246,180847,18
277976,182917,18
267005,169232,18
268891,170428,18
282415,183032,18
259944,166863,18
279862,173602,18
281449,165598,18
265441,173441,18
282622,188943,18
273146,180824,18
277378,169278,18
270662,166311,18
268776,186896,18
279632,160469,18
270961,173671,18
276504,171762,18
268201,18823,18
271214,182595,18
258518,186183,18
277332,169968,18
270846,17075,18
277884,183492,18
282898,179536,18
270478,178271,18
282139,18133,18
275032,183975,18
26252,184389,18
271352,183906,18
269972,171831,18
269926,171923,18
283542,166564,18
276688,160009,18
27885,164747,18
277056,187379,18
259139,17949,18
266062,182963,18
280069,179053,18
278942,169209,18
267488,160814,18
263118,162907,18
271628,16.73,18
284117,181192,18
270064,18179,18
26551,176247,18
272732,195176,18
267166,175143,18
270386,158077,18
286693,174775,18
286003,178593,18
266154,177834,18
27379,179076,18
274549,174959,18
281196,182365,18
281173,177259,18
292926,174614,18
286486,165667,18
272824,171394,18
275124,170313,18
271513,17236,18
26919,16.27,18
277447,168749,18
266729,173441,18
258058,172751,18
261646,159687,18
274687,156329,18
269282,181146,18
261554,175764,18
270524,176385,18
266085,184205,18
276021,189288,18
25677,179214,18
260565,171831,18
272111,186896,18
272686,17834,18
275423,164609,18
274043,170865,18
28046,180456,18
276596,168726,18
275216,165345,18
272571,169623,18
270248,174913,18
274963,174062,18
27563,169324,18
280161,168726,18
268201,190576,18
263371,181192,18
259208,178547,18
271352,189265,18
258311,180295,18
271881,176339,18
276435,179789,18
257897,177328,18
117735,81878,19
120909,76795,19
11509,87743,19
111985,83442,19
110536,8289,19
113319,80452,19
106051,69044,19
130017,66192,19
115665,89905,19
117022,8289,19
120794,85328,19
118379,81648,19
108443,77301,19
115849,97656,19
126751,74955,19
119966,77669,19
121576,88249,19
120357,75116,19
10474,79302,19
114745,7415,19
114009,84086,19
123002,86248,19
104579,90204,19
109018,92573,19
123025,79969,19
112859,8082,19
125118,8933,19
11946,68607,19
104993,89307,19
108949,99036,19
111502,81924,19
113825,84086,19
12337,82614,19
105384,81648,19
114699,68929,19
12061,83465,19
114078,91285,19
105752,85903,19
12958,74817,19
108075,73046,19
99634,78497,19
109892,95747,19
10.98,89146,19
106741,84684,19
114952,78451,19
119345,84362,19
128131,80498,19
124382,85857,19
124152,98875,19
102693,8289,19
110812,84523,19
102233,7576,19
113135,92159,19
117275,7484,19
111571,98783,19
119943,87858,19
130109,79072,19
101796,8.45,19
118402,90135,19
11601,89813,19
116378,89629,19
107546,81694,19
102141,74058,19
96368,81947,19
113733,82315,19
97909,91561,19
11647,9163,19
111134,72264,19
119713,81694,19
98829,8772,19
122312,81809,19
118333,71689,19
121461,77554,19
115458,73667,19
90411,85466,19
110329,73391,19
115481,88617,19
119161,82246,19
101796,79578,19
118103,82269,19
109938,87145,19
117321,77577,19
110766,9025,19
118816,92872,19
104924,88686,19
117919,80613,19
121967,93677,19
10474,8588,19
113963,75185,19
120403,78911,19
113457,88111,19
11.67,85765,19
113641,70999,19
109064,72655,19
113802,84086,19
109501,86156,19
116631,82039,19
119851,96345,19
120587,77347,19
10451,6.84,19
43629,282208,20
43284,269972,20
55566,270041,20
63202,273445,20
44457,273008,20
45998,263762,20
52737,278206,20
48344,270524,20
4908,292995,20
72264,284278,20
47447,268132,20
56762,273238,20
58924,282116,20
54048,278114,20
49034,268017,20
47677,285727,20
62673,268638,20
63616,275584,20
68492,283956,20
61983,27103,20
71482,279724,20
49402,272088,20
52254,285014,20
52116,276941,20
66813,275607,20
57659,281978,20
56693,270225,20
63869,272364,20
52576,275492,20
5092,275538,20
53013,276251,20
4149,272985,20
55267,270777,20
54324,275009,20
53519,278413,20
5897,285336,20
49379,277424,20
53565,271145,20
39328,267189,20
55152,27747,20
37488,260611,20
5989,262382,20
61845,279356,20
41329,283266,20
5138,27678,20
58418,274595,20
46274,289177,20
5644,280621,20
46251,278045,20
50345,276366,20
58993,272824,20
60626,270731,20
48321,281035,20
56808,279379,20
50966,273445,20
65939,281771,20
46458,276711,20
47999,28368,20
54462,292742,20
43376,273077,20
55612,276665,20
66008,278275,20
50644,275676,20
44135,272778,20
40271,272755,20
47263,263716,20
47309,267304,20
5897,292558,20
50092,271651,20
62696,273215,20
64398,271329,20
61086,27885,20
59269,278781,20
62719,274687,20
59729,279908,20
52599,279471,20
45676,279172,20
63156,267856,20
47447,271214,20
45561,284784,20
52001,28046,20
63317,274365,20
59269,269374,20
63179,277286,20
35556,269305,20
62604,266361,20
50506,275699,20
69688,27563,20
56486,272042,20
55083,276642,20
55911,286877,20
55382,273008,20
51081,275147,20
43905,278252,20
48505,279793,20
54232,272709,20
57383,278551,20
59016,278045,20
65525,269374,20
43652,259622,20
8772,20778,21
96943,231999,21
96713,206906,21
86225,222132,21
88134,21.1,21
83005,212426,21
88617,214059,21
86754,197982,21
71666,201018,21
93838,212357,21
90641,218015,21
85489,216405,21
88663,206929,21
74035,201777,21
86294,230297,21
92113,219556,21
92573,220246,21
75116,225421,21
89307,223121,21
89215,212863,21
89859,191082,21
93815,216796,21
8151,217072,21
86317,211184,21
88318,203847,21
82315,206768,21
79509,206975,21
8312,213484,21
84569,213185,21
91147,215784,21
7806,220729,21
96368,216888,21
76726,221212,21
89238,202444,21
87559,217716,21
89583,203226,21
7829,210218,21
94459,219257,21
90733,213852,21
78152,214979,21
86409,224202,21
88364,207849,21
78474,211046,21
75668,205986,21
95563,217555,21
90526,221511,21
93125,208309,21
81119,217785,21
99197,204928,21
94597,210471,21
94781,206239,21
100048,214542,21
89169,198419,21
88042,222707,21
99749,205388,21
75576,201616,21
76611,205043,21
90825,225605,21
85834,218636,21
94505,221787,21
82315,209505,21
79923,194601,21
83925,212242,21
81073,221235,21
7668,203916,21
9669,202674,21
86041,213622,21
8611,215255,21
76427,221948,21
86938,210011,21
65617,214841,21
95333,213852,21
8864,215117,21
84132,211115,21
78681,194348,21
80475,200328,21
96828,215922,21
86915,203778,21
85098,220315,21
90802,215347,21
91584,209436,21
98783,195567,21
94413,23055,21
93608,209551,21
84086,206354,21
88318,216129,21
91538,217509,21
78014,220361,21
8.45,209804,21
78359,227031,21
76726,212334,21
81602,207389,21
84201,196993,21
99197,212012,21
102716,203709,21
85351,220315,21
94965,217003,21
92343,214611,21
86593,210011,21
80268,203249,21
142138,275331,22
143173,275768,22
152074,281196,22
144737,255712,22
142276,274802,22
131742,270156,22
143679,25861,22
143587,267994,22
142092,261485,22
141655,272617,22
134134,267672,22
143242,266568,22
133881,260013,22
132363,261554,22
144737,26965,22
154719,268868,22
137101,265119,22
137423,251411,22
13901,257368,22
147819,26643,22
13924,252906,22
148233,262842,22
140068,283795,22
13464,275055,22
154466,264107,22
147359,274825,22
141885,276826,22
144691,252446,22
156881,269742,22
130753,287199,22
130477,268408,22
147451,249019,22
142598,260105,22
144254,278022,22
129051,257805,22
149406,276757,22
130615,26965,22
140459,263463,22
133881,261278,22
143127,259645,22
147359,275722,22
141839,263417,22
133536,263026,22
134962,265947,22
139907,256471,22
132409,268707,22
140666,269903,22
134801,275791,22
16914,266821,22
145611,269167,22
144737,268224,22
138021,269673,22
131466,26896,22
131627,268454,22
155961,250813,22
14729,274756,22
151177,277953,22
14568,257483,22
126613,265349,22
139953,268615,22
136825,267695,22
132593,275952,22
142368,269742,22
141678,260542,22
146738,277746,22
142115,259898,22
141586,255413,22
143587,260542,22
134985,271513,22
140919,260703,22
146232,262865,22
139631,275032,22
13855,266223,22
138412,262428,22
145059,273077,22
140873,286118,22
131742,269213,22
134686,269489,22
140804,275331,22
148854,269443,22
138136,259277,22
140919,265947,22
145289,265602,22
146807,257828,22
151476,263417,22
153868,262612,22
134548,26758,22
130592,280368,22
134088,271513,22
132317,278551,22
145542,261278,22
130983,252354,22
141195,257161,22
128085,26574,22
132501,265096,22
147727,264866,22
134709,273031,22
137538,279471,22
137906,262635,22
144806,275561,22
24435,278137,23
253136,280115,23
260795,280667,23
238025,269719,23
254148,272663,23
249663,29.15,23
252216,271743,23
244166,285175,23
254194,266568,23
245891,274296,23
255597,269328,23
247616,264866,23
257759,286923,23
266936,281863,23
243637,268707,23
251963,272479,23
287268,267212,23
257506,270731,23
261048,261876,23
240325,264337,23
254378,275952,23
257138,287935,23
261416,285451,23
251825,263578,23
248375,278896,23
252952,27057,23
245776,278206,23
251917,27563,23
249341,282507,23
233747,283703,23
259599,285796,23
240601,271904,23
254815,293616,23
245385,297963,23
261899,280414,23
241291,274181,23
24849,275837,23
257736,274549,23
247984,274687,23
257943,284807,23
249962,278045,23
245431,286923,23
242993,285497,23
260772,287268,23
256862,277378,23
259944,270202,23
232252,292466,23
256195,298538,23
24136,284922,23
249548,287107,23
252032,283381,23
242487,275078,23
264567,29012,23
253389,278574,23
262635,286946,23
252883,280391,23
265119,278436,23
252262,275193,23
254171,271099,23
255712,273077,23
260634,270685,23
249571,284646,23
250997,290787,23
251687,291247,23
244005,276872,23
263831,292351,23
255114,289407,23
248559,271191,23
24.32,280989,23
23745,274066,23
255367,278045,23
254286,280506,23
249065,266867,23
255413,283427,23
25884,279586,23
278666,292903,23
263302,282829,23
259622,270064,23
257414,281334,23
238485,280069,23
254976,251802,23
248996,273928,23
256701,27126,23
259852,285313,23
254309,278873,23
271099,270593,23
254815,272479,23
240946,270938,23
246052,27655,23
248191,250031,23
252607,273514,23
253849,294375,23
242441,276481,23
246696,268523,23
24228,271076,23
253711,282898,23
24412,274043,23
247938,287429,23
251411,270064,23
242717,276274,23
266821,229722,24
260749,224961,24
266775,214588,24
267143,218613,24
272157,239359,24
27126,21974,24
273537,215945,24
272824,214749,24
269581,224662,24
270432,219487,24
26942,22342,24
263394,232551,24
253734,217762,24
262865,215646,24
268891,219648,24
27103,213277,24
276159,22319,24
262612,224294,24
27126,207527,24
265671,21.33,24
267488,227054,24
265165,225467,24
266292,221626,24
276941,235265,24
266108,221097,24
271421,217877,24
267051,207803,24
275883,220154,24
255252,215439,24
260588,211207,24
266752,220959,24
268339,212219,24
270202,206561,24
269351,219096,24
261876,229998,24
273238,205319,24
261002,197499,24
257713,230297,24
263578,216359,24
262566,218889,24
278689,217693,24
277263,225467,24
26229,220982,24
265349,219763,24
26459,224087,24
264084,215577,24
271375,224524,24
250422,230872,24
273514,205894,24
27793,225352,24
265119,225099,24
272387,223006,24
258196,210839,24
267212,21008,24
266959,216589,24
259139,232183,24
271697,22112,24
272525,218613,24
262221,21675,24
267925,213829,24
260542,231378,24
272548,208562,24
266545,226042,24
268224,224156,24
271076,22365,24
271881,216888,24
275768,215899,24
26321,220292,24
254033,227284,24
270593,21629,24
274135,223443,24
262175,215738,24
270225,224984,24
272571,226479,24
258679,220039,24
278367,226226,24
267051,233057,24
28092,228411,24
269305,224064,24
265648,211506,24
281426,214956,24
273192,224041,24
266246,212403,24
26114,213047,24
254723,225513,24
274181,215715,24
272617,200374,24
266614,214542,24
285014,219326,24
270455,225789,24
281035,213898,24
27103,218475,24
265487,214795,24
269006,21261,24
263693,226318,24
265372,233103,24
273606,240371,24
262612,226134,24
252883,221902,24
257184,224915,24
226801,45492,25
222454,58211,25
220936,61063,25
229837,62075,25
212196,57636,25
203709,60534,25
231792,50713,25
21813,70953,25
215025,54853,25
229193,43583,25
213392,57406,25
223282,53519,25
218153,52323,25
222132,46412,25
214519,4701,25
225651,60718,25
218659,60028,25
226755,46021,25
200857,61937,25
209988,52645,25
221925,64467,25
220982,60925,25
22135,59821,25
229492,46412,25
22963,45193,25
221879,58441,25
208401,56946,25
216589,66928,25
221695,53703,25
22158,6104,25
212081,48758,25
215347,52714,25
212725,45607,25
226617,64421,25
225007,53381,25
215071,50897,25
223466,61316,25
214519,38776,25
235403,61569,25
222224,46734,25
213185,59177,25
211575,48804,25
222431,53795,25
235955,53795,25
224547,62811,25
225674,47677,25
217739,40938,25
218199,58234,25
216589,54646,25
213576,64306,25
232689,60051,25
227537,55934,25
221695,57728,25
225812,50437,25
229814,68515,25
226364,68653,25
227606,59407,25
218705,41858,25
231194,5621,25
230527,51702,25
230159,59131,25
220568,5782,25
219027,4701,25
216589,58602,25
218475,67549,25
20341,55658,25
218774,52231,25
218682,48482,25
220729,52691,25
219257,54048,25
215692,45561,25
222086,55221,25
225421,5874,25
201501,7231,25
230205,52093,25
218406,7001,25
225352,58878,25
232505,51886,25
236668,75024,25
207504,52898,25
224432,40892,25
222569,59798,25
222707,55773,25
21859,48827,25
226456,6702,25
232919,51196,25
238761,63754,25
22296,60051,25
218153,60718,25
217371,53979,25
226571,52806,25
223903,63869,25
222247,56302,25
222201,54071,25
212311,59867,25
21767,62696,25
217233,65387,25
222569,58441,25
21583,37925,25
212541,55934,25
228871,168542,26
233931,164655,26
22894,152833,26
255804,154167,26
225214,159871,26
217693,162194,26
224432,145703,26
219556,160653,26
238324,173993,26
223397,160078,26
236116,168404,26
228963,162585,26
218843,160285,26
230366,154144,26
228043,154052,26
217555,154144,26
226985,167001,26
217072,155754,26
224754,153063,26
229377,166817,26
233655,15718,26
234782,157686,26
230274,15833,26
219648,156605,26
230619,161826,26
225375,159664,26
219142,159963,26
232022,164287,26
216635,17351,26
228687,151568,26
22963,159802,26
230596,162585,26
242096,161205,26
231654,152948,26
217072,154374,26
232712,163643,26
229193,164195,26
217509,153776,26
229354,153661,26
20.64,171739,26
232321,177926,26
23.4,183929,26
230895,163666,26
235794,168703,26
232988,16385,26
234759,168151,26
226594,161504,26
232321,150257,26
220706,16063,26
220683,172797,26
243039,154903,26
227077,153845,26
221189,158284,26
240785,152833,26
233448,164908,26
234713,176132,26
225559,16.73,26
235242,152971,26
231332,163298,26
221603,169531,26
22963,148923,26
23952,17282,26
241475,167208,26
230366,156743,26
223811,159434,26
22227,15028,26
229423,17213,26
223558,16224,26
229584,150786,26
23009,167116,26
229837,158974,26
23078,160699,26
213024,172314,26
230481,165184,26
230918,153592,26
227675,17949,26
229308,160814,26
229906,183239,26
227491,166909,26
218383,161688,26
24067,166058,26
230343,167691,26
215416,161021,26
215853,163551,26
235518,158422,26
228572,162033,26
231953,157824,26
229492,147543,26
231378,159181,26
231447,149705,26
240555,165621,26
227951,155386,26
244787,179421,26
234253,171509,26
226249,15419,26
231355,159756,26
22825,164954,26
242257,160354,26
233149,170014,26
233931,159549,26
227215,111134,27
242441,115734,27
230159,109478,27
220867,125348,27
239543,115849,27
218222,109639,27
240417,117804,27
220499,119115,27
225191,112744,27
223903,112629,27
227606,114193,27
224938,114699,27
224432,111341,27
235541,131167,27
229791,115803,27
227652,127142,27
203709,109524,27
234253,108558,27
224455,119138,27
232436,13487,27
213783,118586,27
227974,107477,27
232137,125578,27
237956,129327,27
225674,130707,27
230228,119667,27
217394,107822,27
220062,115826,27
213415,131121,27
220315,115297,27
22687,108949,27
221718,120035,27
240233,132179,27
235518,122174,27
229032,115274,27
216221,121691,27
226318,107615,27
222155,121599,27
22273,119322,27
239175,129258,27
22365,118701,27
224915,117137,27
238278,127579,27
23607,121553,27
23308,110191,27
239451,102923,27
224064,125371,27
224984,119575,27
21997,108144,27
232459,118011,27
222891,119874,27
231539,11417,27
228641,13142,27
216336,122312,27
232252,119989,27
223719,117413,27
238577,118126,27
231792,111111,27
217187,122818,27
234483,121691,27
230826,124566,27
230044,114331,27
21905,124359,27
227514,112008,27
241981,108604,27
231677,123209,27
216865,122335,27
223673,132616,27
229216,116309,27
216865,120403,27
221672,108006,27
219579,113549,27
228963,117505,27
22917,111272,27
232712,123209,27
227146,120081,27
220315,122726,27
222868,10.52,27
229308,132455,27
217808,121047,27
238094,124106,27
224639,113641,27
221557,114308,27
226686,117321,27
227123,120771,27
23722,117367,27
227399,115044,27
223581,116424,27
220683,122864,27
22457,113158,27
225099,121093,27
218544,11164,27
226157,118517,27
240946,119874,27
221994,116861,27
231723,112399,27
22963,11.9,27
22411,122703,27
233218,12659,27
232321,120426,27
104027,236553,28
100117,240394,28
105499,239474,28
107523,254355,28
87766,252837,28
94689,234667,28
107822,233402,28
109662,238646,28
100669,260749,28
96069,250698,28
95149,250882,28
111755,259967,28
110122,253412,28
100255,239773,28
96184,253987,28
104326,245178,28
90825,22135,28
86547,24757,28
107776,244902,28
94114,244695,28
101796,246857,28
106787,239934,28
114814,244327,28
93999,236622,28
102762,246512,28
109202,247708,28
92458,24849,28
104142,245201,28
99289,247915,28
100439,243936,28
105476,236208,28
104119,259737,28
110766,238715,28
97886,245592,28
99611,244396,28
102762,244235,28
109639,24964,28
105982,247616,28
101405,232942,28
113664,238531,28
103452,242947,28
103567,243867,28
99082,24849,28
9393,23239,28
117551,239796,28
101313,250284,28
98162,238945,28
94712,247915,28
10175,251779,28
103452,246535,28
95839,254516,28
95103,259369,28
107155,230527,28
97679,250077,28
110099,244534,28
108903,24734,28
92596,242211,28
8519,228986,28
10612,252032,28
105522,229055,28
114009,239819,28
100002,240486,28
11555,250399,28
10819,248168,28
96276,243108,28
110674,242165,28
109041,240095,28
91814,253895,28
98599,241199,28
9922,237059,28
101244,250031,28
97472,242947,28
11003,242372,28
102026,241153,28
113526,235058,28
10681,233356,28
105315,249571,28
110122,250905,28
103958,234368,28
98024,239704,28
98484,238393,28
105706,238761,28
101773,247271,28
10819,238324,28
118563,259346,28
10083,241015,28
9508,238439,28
95333,248697,28
104303,234759,28
91814,249732,28
105844,237749,28
9485,229354,28
101796,223167,28
10589,238531,28
88203,250905,28
106258,242096,28
104395,240164,28
104441,240785,28
94528,245615,28
103567,243154,28
144783,217647,29
150487,225398,29
145358,22388,29
147934,23147,29
153822,217624,29
168105,218291,29
162838,224271,29
165644,210103,29
160653,225444,29
165874,224708,29
157042,221419,29
172015,207826,29
157318,224915,29
151269,204468,29
158468,228572,29
158353,216865,29
165874,233931,29
147865,222086,29
146968,218751,29
157042,228664,29
145174,227054,29
152672,21422,29
152534,209712,29
159871,219648,29
151292,230343,29
155662,226916,29
173924,208516,29
161297,221419,29
152465,221695,29
146692,208608,29
145818,232758,29
153132,215485,29
151729,228503,29
152557,212265,29
157594,217693,29
155547,219096,29
143173,232896,29
148601,222891,29
145657,231976,29
148003,222086,29
149958,218866,29
146485,211368,29
146002,218406,29
14982,210034,29
151269,216566,29
153132,223558,29
149429,214496,29
154903,213415,29
146623,213277,29
150809,226709,29
150901,213346,29
157479,226985,29
159986,22802,29
157502,218912,29
158882,22595,29
14.66,222569,29
161918,21468,29
154489,209597,29
145519,219878,29
153799,213116,29
162401,216934,29
170106,218383,29
149291,234138,29
156467,211575,29
155018,207596,29
156421,215025,29
156352,213944,29
158008,215738,29
149314,22181,29
14177,213622,29
143909,221925,29
149613,212081,29
156858,211207,29
158905,211069,29
161343,211414,29
158215,221373,29
144921,215531,29
158974,214841,29
142529,216911,29
164356,234874,29
160354,232482,29
158629,236714,29
143909,217141,29
166104,209459,29
156766,223811,29
148877,219073,29
154742,219694,29
158169,217762,29
155846,225053,29
151706,217762,29
153247,223926,29
15879,204192,29
14844,220729,29
152695,214933,29
145887,233172,29
155731,212449,29
15.81,212794,29
156766,222086,29
149406,22526,29
139999,216474,29
62144,116723,30
58073,113227,30
55474,102233,30
39811,107615,30
54117,110053,30
42272,102279,30
62282,101543,30
45929,89054,30
54991,95954,30
40708,105844,30
39788,102233,30
41237,102187,30
40616,99979,30
4563,107086,30
43353,101658,30
48735,98599,30
43583,93102,30
52829,101911,30
46527,94068,30
54255,118103,30
47194,95149,30
49126,10589,30
38776,109777,30
46159,101152,30
52714,92826,30
52875,101497,30
4954,89307,30
40662,98415,30
48758,109915,30
61316,93102,30
46596,102854,30
55773,95034,30
55474,102647,30
45653,10566,30
61201,94137,30
48482,93102,30
46596,110214,30
55819,99933,30
51058,115274,30
48068,81395,30
5897,102325,30
54899,10957,30
48781,95425,30
45354,94436,30
48827,102486,30
62673,10819,30
48091,96529,30
58924,106465,30
52737,10.98,30
52369,90848,30
59798,93447,30
47378,106833,30
5644,106327,30
4.54,9278,30
52576,10957,30
4701,91423,30
61247,106741,30
59821,94137,30
38017,10704,30
41605,100416,30
54876,107247,30
42916,91492,30
6081,101612,30
5069,108397,30
68055,94459,30
39742,101819,30
48781,102095,30
43974,87605,30
63662,94045,30
46619,104648,30
5552,9715,30
43974,103866,30
51196,102118,30
57222,105177,30
47033,93608,30
48965,91515,30
54692,100094,30
61109,106695,30
43422,115504,30
52484,94206,30
48574,97219,30
55566,111801,30
56578,93424,30
4701,98783,30
4632,116723,30
50115,103981,30
56555,102969,30
49885,106557,30
57636,105085,30
5483,111111,30
57935,106005,30
50092,115159,30
47976,96897,30
57222,97472,30
62144,98277,30
54899,107086,30
52323,10198,30
41076,107132,30
46872,117666,30
55198,101681,30
58441,173993,31
46182,177535,31
5368,175005,31
60672,159986,31
58533,164103,31
54899,172774,31
56279,165667,31
50253,18156,31
66882,162424,31
5897,173625,31
51173,167461,31
56118,173809,31
60511,161021,31
43192,16661,31
59775,178248,31
59223,169899,31
57889,168933,31
55267,160883,31
67181,175971,31
54508,153776,31
57498,170014,31
57406,159641,31
70309,16.73,31
54117,170819,31
43307,172567,31
58993,165437,31
62075,156697,31
60741,17696,31
5253,168128,31
45354,158491,31
61132,160446,31
52484,176615,31
66767,157387,31
61086,173855,31
57935,178478,31
61132,161872,31
58004,154972,31
67388,172337,31
61891,181169,31
50644,175649,31
48758,165598,31
50828,177834,31
57935,174499,31
67802,16983,31
4862,171118,31
60465,175051,31
55888,163114,31
63455,168772,31
57084,157893,31
62535,164954,31
66537,170198,31
62052,156674,31
63018,157893,31
59453,167967,31
56394,179766,31
54761,169186,31
70608,16086,31
47562,178777,31
54531,174154,31
61155,168772,31
59936,177029,31
48643,160814,31
54968,161826,31
60442,170934,31
63409,177857,31
47217,160055,31
70493,16224,31
50552,185217,31
54416,184987,31
69872,172383,31
51311,166817,31
74311,183331,31
60879,161205,31
58878,163781,31
62121,179582,31
69849,171785,31
53542,172015,31
72149,167944,31
68906,160952,31
5552,15557,31
60488,162102,31
57498,165069,31
63064,168243,31
53266,166725,31
64237,174706,31
51909,161458,31
58947,162677,31
54669,177489,31
4816,170037,31
58901,169393,31
60419,173625,31
65456,166978,31
60626,170865,31
51219,184274,31
73414,168197,31
5138,16615,31
5736,169991,31
5276,172475,31
64444,162033,31
7162,181836,31
